client_id,name,email,gender,login,password
1,Mitch Kilpatrick,mkilpatrick0@cdc.gov,M,mkilpatrick0,uE9+F7h5*P
2,Kit Kyncl,kkyncl1@miitbeian.gov.cn,M,kkyncl1,nZ1>gR%L
3,Marylou Presman,mpresman2@twitter.com,F,mpresman2,aP2#@KQI
4,Gilberta Andrieu,gandrieu3@4shared.com,M,gandrieu3,oN2/1oW(IPSNWwoW
5,Tobiah Boughtflower,tboughtflower4@paypal.com,M,tboughtflower4,hD7{HV(oHo'C&P.
6,Prent Clifton,pclifton5@cnbc.com,F,pclifton5,fF4$?1cViZ
7,Katinka Mosedill,kmosedill6@loc.gov,F,kmosedill6,yC9=dRM)1_ZuKp
8,Aime Cheyney,acheyney7@gmpg.org,F,acheyney7,dQ1&PzrF(1trTR
9,Errol Liverseege,eliverseege8@ning.com,F,eliverseege8,sM8/Cn|M\*)25j.
10,Zoe Exrol,zexrol9@multiply.com,M,zexrol9,eK5~zmTHNd
11,Nanete Cluse,nclusea@ibm.com,M,nclusea,bP7(P.rNeZo<v
12,Pepillo Ryde,prydeb@networksolutions.com,F,prydeb,rN3_4u=@%11+
13,Emeline Liff,eliffc@blogs.com,M,eliffc,lG3~#9ZaKW04R.
14,Kyrstin Black,kblackd@php.net,M,kblackd,hD3)?r34qegV=G++
15,Ganny Richards,grichardse@sbwire.com,M,grichardse,eI4{dxBp\\mz(c
16,Robbie Cady,rcadyf@wikia.com,M,rcadyf,lY9+SJux7G
17,Findley Kimbling,fkimblingg@1und1.de,M,fkimblingg,tS8`/0Ii
18,Edgard Stuckow,estuckowh@spotify.com,F,estuckowh,sT6$4#U1H%tTnK
19,Brandie Winning,bwinningi@zdnet.com,M,bwinningi,tA1<DEozU
20,Lauraine Adamczyk,ladamczykj@techcrunch.com,M,ladamczykj,oI6'pwYi%=3FW8
21,Morgana Kenen,mkenenk@umn.edu,F,mkenenk,iI9.>.~6*K>
22,Perice Beetham,pbeethaml@senate.gov,M,pbeethaml,yK4|qa_yp
23,Modesta Deverill,mdeverillm@pagesperso-orange.fr,M,mdeverillm,wL0$AQoo
24,Cher Higford,chigfordn@issuu.com,M,chigfordn,oO5n5$M
25,Lynne Volet,lvoleto@wix.com,F,lvoleto,qX7#*VRa
26,Sibilla Shields,sshieldsp@xrea.com,M,sshieldsp,fR1~<lt14h<D'
27,Pryce Cowdrey,pcowdreyq@opera.com,M,pcowdreyq,lL0@?/W%u\alPAGQ
28,Letta Blemen,lblemenr@mtv.com,M,lblemenr,yO6}%%>*}
29,Tiffie Beckworth,tbeckworths@paginegialle.it,F,tbeckworths,aI3.hf.0/&.zw<G
30,Nicola Keyme,nkeymet@ebay.com,M,nkeymet,rQ4%OQ#g
31,Alfie Pattlel,apattlelu@discuz.net,M,apattlelu,aC0/'j8`vfijII
32,Roch Rupke,rrupkev@amazon.de,M,rrupkev,rU1~9S}A~F
33,Lidia Korneichik,lkorneichikw@tiny.cc,M,lkorneichikw,wH6_hf6{{
34,Trenton Phillipp,tphillippx@altervista.org,F,tphillippx,zF1g.9?*F
35,Freddie Danielut,fdanieluty@over-blog.com,M,fdanieluty,qB3.g%Cbqcd@R
36,Maurits Scade,mscadez@un.org,M,mscadez,sF8?O{b!|__
37,Sallie Jobbing,sjobbing10@ucoz.ru,M,sjobbing10,rU3}Q<lb|
38,Cory Housiaux,chousiaux11@imgur.com,F,chousiaux11,fU6~PyV!
39,Loralie Jarred,ljarred12@xrea.com,F,ljarred12,gO6f0My?
40,Jewel Bootes,jbootes13@prlog.org,F,jbootes13,zT5.wI'B+a_R
41,Harlie Zanardii,hzanardii14@microsoft.com,M,hzanardii14,tS1$Eo5+$WymrwOo
42,Farrel Doswell,fdoswell15@irs.gov,F,fdoswell15,qD7>0Xf+#Oda
43,Sonnie Lyne,slyne16@wix.com,F,slyne16,rQ8$Ue6#`Zjg\u{j
44,Dael Dearness,ddearness17@issuu.com,F,ddearness17,iW4`mxga
45,Westley Leader,wleader18@narod.ru,F,wleader18,nD6/4W44.9H%
46,Vally Keasley,vkeasley19@sbwire.com,M,vkeasley19,yF2!R@=IFTBw!0
47,Mariel Brisse,mbrisse1a@cmu.edu,F,mbrisse1a,iP3~yOQB2Fz+n)
48,Lexy Nottingham,lnottingham1b@g.co,F,lnottingham1b,hG6(djDaCDn8&
49,Hilliard Wadforth,hwadforth1c@about.com,M,hwadforth1c,wR0>mZ*87nYN
50,Taylor Verdy,tverdy1d@nature.com,M,tverdy1d,bV6.>'H0
51,Curr Whisby,cwhisby1e@mtv.com,F,cwhisby1e,uV9+JrS%Fd+M&
52,Adi Ovise,aovise1f@pinterest.com,M,aovise1f,kU8<u#rgX.i+qnL`
53,Pieter Gawthorpe,pgawthorpe1g@digg.com,F,pgawthorpe1g,tU6#<6MxE
54,Kerrin Gratrex,kgratrex1h@wordpress.com,M,kgratrex1h,uD9@M7|va)'~
55,Dewitt Christofle,dchristofle1i@senate.gov,F,dchristofle1i,mC3|T294edP
56,Dodie Campanelli,dcampanelli1j@opera.com,F,dcampanelli1j,pP85Y$\i$v6d.K
57,Alvinia Drakers,adrakers1k@prlog.org,F,adrakers1k,mS6?.6>7P5|Y
58,Kilian Bendare,kbendare1l@slideshare.net,F,kbendare1l,qC7'a6GA8
59,Vallie Spellworth,vspellworth1m@google.nl,F,vspellworth1m,uD9V62P#e
60,Eben Fairhead,efairhead1n@spotify.com,F,efairhead1n,jJ5\a81/v*/3ED
61,Reggie Housegoe,rhousegoe1o@vk.com,F,rhousegoe1o,vY8!6V2J&2_p}Yp
62,Herbert Stanfield,hstanfield1p@weibo.com,F,hstanfield1p,dP7?fy7?lT}
63,Philipa Albarez,palbarez1q@cornell.edu,F,palbarez1q,xF1{C}p!l
64,Ellene Oatley,eoatley1r@wired.com,F,eoatley1r,oH7\0cV=T@A|vEu
65,Daisie McAllester,dmcallester1s@is.gd,M,dmcallester1s,hT0Hlp<V#
66,Chryste Haward,chaward1t@netvibes.com,F,chaward1t,qZ5.%LgO#?
67,Taryn Mickleborough,tmickleborough1u@npr.org,M,tmickleborough1u,kG9#Ss'/3f
68,Jory Vickors,jvickors1v@themeforest.net,F,jvickors1v,yI2`Y7qF#P7LR
69,Orton De Bernardi,ode1w@lycos.com,F,ode1w,fS0\Z3We
70,Adelina Joel,ajoel1x@un.org,F,ajoel1x,sX9(N_nbK/KTimV
71,Umberto Gunston,ugunston1y@youtube.com,F,ugunston1y,yW2_64JCC
72,Molly Gallear,mgallear1z@clickbank.net,M,mgallear1z,pI2|}g$d!@Aa'u+
73,Alma Ida,aida20@xrea.com,F,aida20,vC2*/457019
74,Miof mela Abden,mmela21@slashdot.org,M,mmela21,eI0/LXcXSzdOVf
75,Hope Hubach,hhubach22@feedburner.com,F,hhubach22,oC1\OLQSHUB~hs2D
76,Brittne Weeds,bweeds23@moonfruit.com,M,bweeds23,eQ5(dw&y3_a@07}
77,Pepito Mocher,pmocher24@twitter.com,M,pmocher24,wJ2!d=ferpI_%
78,Geralda Over,gover25@indiegogo.com,M,gover25,gM2\W?!.Cy
79,Fitz Peagram,fpeagram26@ucla.edu,M,fpeagram26,dH2}).#u)IB
80,Skipton Coldicott,scoldicott27@histats.com,F,scoldicott27,wG7=8znI3f01*
81,Clementius Keele,ckeele28@google.de,M,ckeele28,vF0*a}nC$<0(j=`
82,Annabal Widocks,awidocks29@ehow.com,M,awidocks29,cI3#7FCpvgo
83,Yanaton Houseman,yhouseman2a@boston.com,F,yhouseman2a,kC7~krsx51Mz?c
84,Samuele Whiff,swhiff2b@nih.gov,F,swhiff2b,iV2$q/rR<j('4J
85,Kylie Bolton,kbolton2c@hugedomains.com,M,kbolton2c,aX3\/Jkdfi
86,Parsifal Stebbings,pstebbings2d@europa.eu,F,pstebbings2d,lT2>%uGR)I9AX
87,Dannye Stoite,dstoite2e@sakura.ne.jp,M,dstoite2e,qQ9+/Nt7?
88,Lorenza Klemencic,lklemencic2f@microsoft.com,F,lklemencic2f,yN1~M!cQ!sG~
89,Lutero Vyse,lvyse2g@youku.com,F,lvyse2g,rM0~.mEW|
90,Nady Baulk,nbaulk2h@sourceforge.net,F,nbaulk2h,eW6{t%F8_U
91,Daffi Meert,dmeert2i@dmoz.org,M,dmeert2i,rL2>5w@dh@9kSLu
92,Delcine Duckinfield,dduckinfield2j@businessinsider.com,F,dduckinfield2j,zX0_>UzXII$
93,Francois Gutherson,fgutherson2k@wordpress.org,M,fgutherson2k,hJ6)~G&&+{+B
94,Morgun Bonanno,mbonanno2l@etsy.com,M,mbonanno2l,aV7BFnI1?xJfd
95,Bibbie Claque,bclaque2m@ezinearticles.com,F,bclaque2m,gR4)W/UUk
96,Lexis Ert,lert2n@yellowbook.com,F,lert2n,kB3<iuSmP'cY0
97,Remington Blakey,rblakey2o@princeton.edu,M,rblakey2o,vD2RJ.#`NX(=Ri
98,Sunshine Sewards,ssewards2p@cdc.gov,M,ssewards2p,tH7%NP*d\fYYeaD
99,Clarie Hullah,chullah2q@paginegialle.it,M,chullah2q,wS1{X!2(VYnMYfFM
100,Adda Dmitrovic,admitrovic2r@goo.ne.jp,F,admitrovic2r,lN8/>PgBG!aa#\H
101,Melodee Lenard,mlenard2s@imageshack.us,F,mlenard2s,yK3&~27>cu=#x
102,Christin Chellenham,cchellenham2t@usnews.com,F,cchellenham2t,vS1``Oqb
103,Nanni Mughal,nmughal2u@imgur.com,M,nmughal2u,pL0?&LfFsry
104,Jeanette Dewsbury,jdewsbury2v@odnoklassniki.ru,M,jdewsbury2v,zD5=d(|*%Yvc)W
105,Mic Vanini,mvanini2w@amazon.co.jp,M,mvanini2w,mS7|I4Nf2n
106,Fina Ruppel,fruppel2x@pinterest.com,F,fruppel2x,oO5+r%M2X<hPRLP
107,Deonne Twine,dtwine2y@tripadvisor.com,F,dtwine2y,qN8*EmpsnPN_&
108,Tracy Lorand,tlorand2z@php.net,F,tlorand2z,fR7_u&Xh
109,Luella Baddow,lbaddow30@twitpic.com,M,lbaddow30,bC6&rQ1B/W_~A2y@
110,Colver Winger,cwinger31@fc2.com,M,cwinger31,hW8`4h3TdsFwRc
111,Louisette McAuley,lmcauley32@europa.eu,F,lmcauley32,Z9*yCA_x
112,Clarisse Buffey,cbuffey33@telegraph.co.uk,F,cbuffey33,eR4}X}35_1#c`KC
113,Collette Ladell,cladell34@bizjournals.com,M,cladell34,vS1'KT2,B2d?
114,Cathyleen Pembridge,cpembridge35@deliciousdays.com,M,cpembridge35,yZ6)Y}tew3HT
115,Con Sandifer,csandifer36@ifeng.com,M,csandifer36,cZ6{A1X5
116,Electra Ruberti,eruberti37@theguardian.com,M,eruberti37,bD6BeSb_!6!Dar
117,Antoinette Riglesford,ariglesford38@prnewswire.com,F,ariglesford38,nM6_7tg5pEI
118,Prissie Pes,ppes39@gravatar.com,M,ppes39,oR3|1lr>UnBlX/1
119,Maritsa Swetenham,mswetenham3a@domainmarket.com,F,mswetenham3a,nD1@$IId
120,Melita Drewson,mdrewson3b@utexas.edu,F,mdrewson3b,xN8@M{=Mofu
121,Urbano Osbourn,uosbourn3c@google.ru,F,uosbourn3c,tG1?XuD`%X%564
122,Cobbie Vassano,cvassano3d@alexa.com,F,cvassano3d,tN6>nNml8?8_Oc
123,Drucy Baert,dbaert3e@discuz.net,F,dbaert3e,hB7%NEc6u4
124,Colin Simonsen,csimonsen3f@spiegel.de,M,csimonsen3f,aC1#raA4HJ&W
125,Gunner Steutly,gsteutly3g@stumbleupon.com,F,gsteutly3g,gN8#EQuBW
126,Kizzee Hymus,khymus3h@mail.ru,F,khymus3h,dB2.Z9r$lW>d\
127,Sharona Attwoul,sattwoul3i@51.la,F,sattwoul3i,oX3&9K_VIEG
128,Flint Dabrowski,fdabrowski3j@t.co,F,fdabrowski3j,jQ1=*`V)P
129,Pryce Calderhead,pcalderhead3k@dailymail.co.uk,M,pcalderhead3k,P0#Gb\3Jh)dP
130,Alexandra Corbie,acorbie3l@reverbnation.com,M,acorbie3l,yG4+P{ofm8
131,Randa Friedenbach,rfriedenbach3m@paypal.com,M,rfriedenbach3m,bN5.\jQgM/
132,Rafaello Laurenson,rlaurenson3n@usatoday.com,M,rlaurenson3n,pR3@\1zDKM6X
133,Cary Syddall,csyddall3o@etsy.com,F,csyddall3o,vI0/9@nw
134,Dulcy Birkett,dbirkett3p@china.com.cn,F,dbirkett3p,iY9}37=HE
135,Eamon Bernardin,ebernardin3q@topsy.com,M,ebernardin3q,aL5=(z>`m6fwB`H
136,Paulie Eschelle,peschelle3r@slideshare.net,F,peschelle3r,eH0CS_Q*(!
137,Darren Warman,dwarman3s@exblog.jp,M,dwarman3s,bZ2Nl&!7oQcP
138,Isador Coughlin,icoughlin3t@tripod.com,F,icoughlin3t,hK2&.zn*$gc6obi
139,Chandler Gilliat,cgilliat3u@skype.com,F,cgilliat3u,eR7.wBJ9+W=o
140,Siegfried Ghidoni,sghidoni3v@youtube.com,M,sghidoni3v,fI8{XfxBy
141,Zolly Cave,zcave3w@51.la,M,zcave3w,kM9}O5FYL_2G4j
142,Josy Ioan,jioan3x@cornell.edu,M,jioan3x,yV6/Pg1rW4)%e
143,Anestassia Saby,asaby3y@timesonline.co.uk,M,asaby3y,yX5/=bI@Q'lsk{=/
144,Basil Catcheside,bcatcheside3z@princeton.edu,M,bcatcheside3z,tK2/BS|ByyL
145,Starlin Oxburgh,soxburgh40@sfgate.com,M,soxburgh40,gG2#GkZnkH$w_h
146,Claiborne Mugford,cmugford41@wikia.com,M,cmugford41,bD2#SP|A1DwO2s0w
147,Wang Kubasiewicz,wkubasiewicz42@bigcartel.com,M,wkubasiewicz42,wI8@~sZ<L.pn.d
148,Ignatius Baudic,ibaudic43@dailymail.co.uk,M,ibaudic43,cB6.()0Cdb\Z
149,Christye Ryton,cryton44@vistaprint.com,M,cryton44,pL0({*ovI<{Bi
150,Hailey Downe,hdowne45@ihg.com,F,hdowne45,fR8.6h7b.RMC
151,Karel Laight,klaight46@time.com,M,klaight46,xL1=%!{5g
152,Ericka Mottinelli,emottinelli47@youtu.be,M,emottinelli47,yV8>.I{Om!xhugsZ
153,Lorrie Harvie,lharvie48@youku.com,M,lharvie48,aR7\)`Xoc4C90B>v
154,Franni Nore,fnore49@rediff.com,F,fnore49,rR0@jG}WFTq
155,Cammy Solway,csolway4a@newyorker.com,F,csolway4a,cJ3DK&cL
156,Lem Millott,lmillott4b@flavors.me,F,lmillott4b,oH4~oRKpzU!sxB
157,Mavra Earle,mearle4c@google.es,F,mearle4c,cD0.BZ#Ljm(n(9@1
158,Shea Hellis,shellis4d@nature.com,F,shellis4d,eO6~2x/\\\
159,Jehanna Priditt,jpriditt4e@homestead.com,F,jpriditt4e,qW2$?.k`\!1}S
160,Juliet Dangl,jdangl4f@comsenz.com,M,jdangl4f,xQ4*w/fWp$h42t(
161,Margy Braybrooks,mbraybrooks4g@csmonitor.com,M,mbraybrooks4g,bB3)E)>\Tb*e
162,Harman Dedney,hdedney4h@yandex.ru,M,hdedney4h,kF5\Lvgz&3Qfx=|
163,Hercules Arnason,harnason4i@rambler.ru,M,harnason4i,qT8{m+/!~Xf
164,Randene Ruggs,rruggs4j@ycombinator.com,M,rruggs4j,vT2csn&6MD
165,Humfrid Traylen,htraylen4k@nydailynews.com,M,htraylen4k,dZ7+LHI5dz`W7\oJ
166,Eba Larderot,elarderot4l@topsy.com,M,elarderot4l,nS8+JORv.Gp
167,Tailor Dancey,tdancey4m@dyndns.org,F,tdancey4m,fR5|K=xDuJ.Ubn2
168,Newton Nother,nnother4n@imdb.com,M,nnother4n,hN8?VZ%zW{D
169,Micky Livermore,mlivermore4o@sphinn.com,M,mlivermore4o,gH7\ks7F.=}F
170,Merell Narramor,mnarramor4p@ovh.net,F,mnarramor4p,nF7'rVI7.>K1qi
171,Mohandis Duigan,mduigan4q@typepad.com,F,mduigan4q,bG5'kr@L)gs$m
172,Kelly Rodrigues,krodrigues4r@cdbaby.com,M,krodrigues4r,sB4*Y%DUH{%~J
173,Evangeline Wrotham,ewrotham4s@sun.com,M,ewrotham4s,aB5?=>me)rV
174,Tansy Asbery,tasbery4t@virginia.edu,M,tasbery4t,wG6'B0cSW/
175,Liva Boswood,lboswood4u@illinois.edu,M,lboswood4u,cP3/fQcBo1cvX
176,Gawen Ginnane,gginnane4v@howstuffworks.com,F,gginnane4v,mA3$LVoy\iL1
177,Loydie Dunkersley,ldunkersley4w@bigcartel.com,F,ldunkersley4w,hE7/on/WF
178,Tann Chavez,tchavez4x@google.com,M,tchavez4x,vZ1&4ZYwKyPx5|
179,Lynnet Adie,ladie4y@java.com,F,ladie4y,iZ4!k+lkXG
180,Eva Coppock.,ecoppock4z@fda.gov,F,ecoppock4z,aH9_CYOdlOIJcyY
181,Stefanie Woosnam,swoosnam50@ifeng.com,F,swoosnam50,lV7>H99UecA
182,Nanni Dohmann,ndohmann51@mozilla.com,M,ndohmann51,vD4+B6?'RIL
183,Hewie Honeywood,hhoneywood52@123-reg.co.uk,M,hhoneywood52,dZ3*7&A)7}`}
184,Elfie Mac Giolla Pheadair,emac53@ifeng.com,F,emac53,dL2#oouC
185,Chiarra Cluderay,ccluderay54@pen.io,F,ccluderay54,yA5}Vm#3Z
186,Davy Stute,dstute55@xinhuanet.com,M,dstute55,vI0=|JOE\
187,Nita Skinn,nskinn56@businesswire.com,F,nskinn56,kG7!JQQSTD
188,Zondra Pickance,zpickance57@blogs.com,F,zpickance57,oL6+zh=jj=}2I
189,Arvy Scutching,ascutching58@howstuffworks.com,F,ascutching58,bX6`fb53T\
190,Shaina Gooderham,sgooderham59@dedecms.com,M,sgooderham59,lU5{z/FmW?z@
191,Markos Kenion,mkenion5a@yahoo.com,F,mkenion5a,hK4#40#a
192,Flynn Finch,ffinch5b@list-manage.com,M,ffinch5b,iS1/KF0G6E!MB
193,Thekla Cuniffe,tcuniffe5c@theglobeandmail.com,F,tcuniffe5c,rP1.IKAW4(%5~YN(
194,Sander Langshaw,slangshaw5d@oracle.com,F,slangshaw5d,eZ6/ZNK7
195,Norry Ledrane,nledrane5e@hao123.com,F,nledrane5e,bC77<jtx
196,Roz Bisgrove,rbisgrove5f@sogou.com,F,rbisgrove5f,nN9>qUj7IxF5z
197,Richard Ruddick,rruddick5g@rediff.com,M,rruddick5g,wN3`HNxSeNU5
198,Renell Martyns,rmartyns5h@aboutads.info,F,rmartyns5h,jQ8$=0Yv=@y55
199,Gearalt Doniso,gdoniso5i@shareasale.com,F,gdoniso5i,mZ5}iR0%B&`mTz0
200,Keen Juggings,kjuggings5j@phoca.cz,M,kjuggings5j,rB2(44Pzu
201,Sharla Colnett,scolnett5k@google.com.br,F,scolnett5k,vQ8(9|v8
202,Kristien Whitlaw,kwhitlaw5l@privacy.gov.au,F,kwhitlaw5l,gA0<'Vk{jp{<
203,Nickie MacRedmond,nmacredmond5m@tamu.edu,F,nmacredmond5m,wG1(Wg8uo&cYg%{
204,Erv Cheesley,echeesley5n@fda.gov,F,echeesley5n,yM3)eLcw
205,Ferrel Orriss,forriss5o@tinyurl.com,F,forriss5o,aO6)yK1+
206,Vidovik Linham,vlinham5p@intel.com,F,vlinham5p,gK0\((H\BGv~Ao
207,Carly Goodale,cgoodale5q@dyndns.org,F,cgoodale5q,aA2{uGSxRej2+c
208,Kit Bordessa,kbordessa5r@tripadvisor.com,M,kbordessa5r,xF6+@O6Sj(99AO
209,Cal Lamond,clamond5s@yahoo.co.jp,F,clamond5s,wT9}WH7}/
210,Germaine Pagen,gpagen5t@nyu.edu,F,gpagen5t,gF5<ZlD`H9B9S9
211,Emogene Scoines,escoines5u@paginegialle.it,M,escoines5u,qV8@ihh74
212,Rickie Clemo,rclemo5v@hibu.com,F,rclemo5v,iB8_jr.k1O44DM
213,Jerrome Shore,jshore5w@addtoany.com,F,jshore5w,fL4'$<wt|Q.
214,Kial Sheara,ksheara5x@google.it,F,ksheara5x,rQ8*3a(#e)@~kA
215,Omero Mogey,omogey5y@bloomberg.com,M,omogey5y,tG2i!>6|XSJ8N
216,Marlane Conlaund,mconlaund5z@netvibes.com,M,mconlaund5z,nR3!|.A
217,Rozelle Chisman,rchisman60@gmpg.org,F,rchisman60,lJ5=2>N*J}O
218,Yank Beasleigh,ybeasleigh61@eepurl.com,M,ybeasleigh61,hB2*svyWK>DWel
219,Ulric Folley,ufolley62@nature.com,F,ufolley62,bC3*'fy~R
220,Samaria Bottjer,sbottjer63@digg.com,M,sbottjer63,jZ7<4hh)E.6@~o
221,Patric Cullingford,pcullingford64@usatoday.com,F,pcullingford64,oC4{Rl/tHGu
222,Margarethe Prigmore,mprigmore65@va.gov,M,mprigmore65,uL1)UX6QGJl#S
223,Kiele Reichardt,kreichardt66@furl.net,F,kreichardt66,gW5+<jBzUad\
224,Millisent O'Reagan,moreagan67@mapquest.com,F,moreagan67,eI9.LQ*0!P&}_+AA
225,Don Friman,dfriman68@gmpg.org,F,dfriman68,rP4%V4)d
226,Archie January 1st,ajanuary69@phoca.cz,M,ajanuary69,oE8*H.0yJmib
227,Charmain Barr,cbarr6a@is.gd,F,cbarr6a,pF6{w_Uj
228,Maude Druitt,mdruitt6b@indiegogo.com,F,mdruitt6b,eZ7$lV\<5_VXHY
229,Catriona Hadlee,chadlee6c@accuweather.com,M,chadlee6c,sE9*.zZNqQdb`g
230,Killian Luckham,kluckham6d@meetup.com,F,kluckham6d,hJ5#=w(v
231,Derrik Elcott,delcott6e@sogou.com,M,delcott6e,jQ8#LsVTB=8C
232,Marnia Kleuer,mkleuer6f@tinypic.com,F,mkleuer6f,cB4#wZ?.'<qu
233,Osgood Molan,omolan6g@ow.ly,F,omolan6g,uO6&HCaJ/2l{Ab
234,Jacqui Cullabine,jcullabine6h@fda.gov,M,jcullabine6h,qU6}Smjh0Ui0#R
235,Cammy Ebbage,cebbage6i@miitbeian.gov.cn,F,cebbage6i,qC4!~5Mp'Rs&
236,Jewelle Swalwell,jswalwell6j@sfgate.com,F,jswalwell6j,M5{$y|
237,Lucien Soppitt,lsoppitt6k@state.gov,F,lsoppitt6k,yG1<.72>9l\
238,Marty Sorrel,msorrel6l@census.gov,F,msorrel6l,vQ5{YNtTl
239,Nathanil Wannan,nwannan6m@ehow.com,F,nwannan6m,gE2}rs+s@%e*j
240,Wilmette Lotterington,wlotterington6n@reverbnation.com,F,wlotterington6n,wF5<o~2|
241,Lorin Luberto,lluberto6o@naver.com,M,lluberto6o,jP8Ce>C`TY
242,Quincey Lowrance,qlowrance6p@dailymail.co.uk,M,qlowrance6p,oA0\G${Iy9JgI
243,Pierette Sleit,psleit6q@nifty.com,F,psleit6q,oD2{O0PVwm3Ck?w9
244,Alvina Jelly,ajelly6r@cornell.edu,M,ajelly6r,yO8?MK7I+>w
245,Giuditta Blease,gblease6s@friendfeed.com,M,gblease6s,yS1~s>I#IO/~w=
246,Merell Keaveney,mkeaveney6t@csmonitor.com,M,mkeaveney6t,bP4(n<Hlo
247,Oren Allsup,oallsup6u@fotki.com,F,oallsup6u,nT5@qx~KY
248,Priscella Gaywood,pgaywood6v@phpbb.com,M,pgaywood6v,jO6`cii>K
249,Towny Stamper,tstamper6w@adobe.com,F,tstamper6w,aB0{zTxS
250,Leeann Mapplethorpe,lmapplethorpe6x@cdc.gov,F,lmapplethorpe6x,uE7_1KZ!KN?
251,Paulette Tilburn,ptilburn6y@list-manage.com,F,ptilburn6y,sK0=oDZ%
252,Allison Bardill,abardill6z@springer.com,M,abardill6z,uL5\+~&\.@AoqL|2
253,Christos Filipputti,cfilipputti70@time.com,M,cfilipputti70,bK4Cl/b
254,Lou Roobottom,lroobottom71@prlog.org,F,lroobottom71,dZ1'euvMIg
255,Woodrow Leadbetter,wleadbetter72@nps.gov,F,wleadbetter72,jE1>r42A$8i+
256,Tremaine Peacher,tpeacher73@msu.edu,F,tpeacher73,vR4%_gg1&@2l
257,Reagen Mussett,rmussett74@people.com.cn,M,rmussett74,jF8$A1Es<
258,Faustine Duckhouse,fduckhouse75@columbia.edu,M,fduckhouse75,fF5=s_gCF?0UXIT~
259,Ward Verrick,wverrick76@shareasale.com,F,wverrick76,hL1'=gjn
260,Sammie Gidley,sgidley77@apple.com,M,sgidley77,eL2#wb}i
261,Rosette Scoone,rscoone78@dell.com,M,rscoone78,qK0+F<s}A*K
262,Basia Berisford,bberisford79@squarespace.com,F,bberisford79,jR9hrTu
263,Alec Pigdon,apigdon7a@elpais.com,M,apigdon7a,aN7%2y~${$u)60
264,Renato Midford,rmidford7b@trellian.com,M,rmidford7b,rV5%5JWuQ,mn/`
265,Nada Itzkovich,nitzkovich7c@github.io,M,nitzkovich7c,vN3'TAL<WM>
266,Lari Hallstone,lhallstone7d@cocolog-nifty.com,M,lhallstone7d,yW7`)sMA?_O
267,Connie Gowdy,cgowdy7e@admin.ch,M,cgowdy7e,nA2*|2@t
268,Lina Leare,lleare7f@tuttocitta.it,M,lleare7f,jX0/&T3uWaF
269,Lind Bickerstasse,lbickerstasse7g@harvard.edu,F,lbickerstasse7g,S1*b!w
270,Tammi Blancowe,tblancowe7h@dedecms.com,F,tblancowe7h,sZ0{1Z9/|rv6Sa
271,Tedman Gerssam,tgerssam7i@bigcartel.com,M,tgerssam7i,vL8L+zAqPJhzb
272,Yorke Grimsey,ygrimsey7j@weebly.com,M,ygrimsey7j,iR1#Mg*$C&
273,Paulette Bracer,pbracer7k@goodreads.com,F,pbracer7k,vV8|9Zbntt
274,Felicdad Dmytryk,fdmytryk7l@macromedia.com,F,fdmytryk7l,kQ4.IFd=|`.KD
275,Bernette Benley,bbenley7m@merriam-webster.com,F,bbenley7m,gB7~jfm(QjYZ)i
276,Sibyl Gilkes,sgilkes7n@list-manage.com,F,sgilkes7n,bQ3%B}<t
277,Allyson Calf,acalf7o@reference.com,M,acalf7o,jP4|{KKt2/3l5vLT
278,Cynthea Spensley,cspensley7p@altervista.org,F,cspensley7p,sY2%<8zW
279,Barnaby Clemo,bclemo7q@i2i.jp,F,bclemo7q,aB9<LLDCaqmwQ?tY
280,Enid Couthard,ecouthard7r@mayoclinic.com,M,ecouthard7r,kA8_LDEg0HXM
281,Junette Tarbox,jtarbox7s@nhs.uk,M,jtarbox7s,gB7>ru'Z?AKr
282,Lorita Seine,lseine7t@naver.com,F,lseine7t,yI6?ObWSuV#/f
283,Kass Wynne,kwynne7u@webmd.com,M,kwynne7u,kD0?Zb)#Yt
284,Ethyl Yoxen,eyoxen7v@adobe.com,F,eyoxen7v,dU9`vZz2sQP.?wk
285,Kermy Emsley,kemsley7w@comcast.net,F,kemsley7w,vJ1$aB|&Y
286,Gard Rupel,grupel7x@stanford.edu,F,grupel7x,iB9\DJt.mt%.$cz
287,Kym Beade,kbeade7y@qq.com,F,kbeade7y,xV3<m*N8D`n
288,Vivianna Arnholtz,varnholtz7z@symantec.com,F,varnholtz7z,tX3=%W{'R<UD
289,Georgette Assinder,gassinder80@skyrock.com,M,gassinder80,pS1`KT((wX*{
290,Shandeigh Ferries,sferries81@parallels.com,M,sferries81,qS4=>2nt1=Q8i3j
291,Reinhold Brugman,rbrugman82@squarespace.com,F,rbrugman82,aF7%)~eJ\+0t+b
292,Josselyn Pirdy,jpirdy83@arstechnica.com,F,jpirdy83,oG5>o)`~VTk?<||#
293,Carri Duddin,cduddin84@cyberchimps.com,M,cduddin84,iW9~Sx/4IN'
294,Blayne Sirr,bsirr85@house.gov,M,bsirr85,eH0+nwN!|9c9
295,Tamas Greggs,tgreggs86@ca.gov,F,tgreggs86,bR4)(~GXozx\
296,Derrek Gaine,dgaine87@diigo.com,M,dgaine87,gW0{8j7DZ$*
297,Caresa Baltzar,cbaltzar88@flavors.me,F,cbaltzar88,zC14Wgj
298,Lev Tabb,ltabb89@adobe.com,F,ltabb89,kE8<@kwulUS$52v
299,Xylia Woods,xwoods8a@last.fm,F,xwoods8a,pH3.\BL2
300,Corbett St. Paul,cst8b@oracle.com,M,cst8b,xZ5RNOUJcfbN
